Domain Name,Query Type,Count Add RR,Delta Time,Packet Number
 
File: AjoutDeFichiers/imgToDrive.pcapng
 
gateway.icloud.com,1,0,17.101,54
gateway.icloud.com,1,0,0.025,55
p72-ckdatabase.icloud.com,1,0,0.013,59
p72-ckdatabase.icloud.com,1,0,0.023,63
edge.icloud-content.com,1,0,0.371,122
edge.icloud-content.com,1,0,0.024,123
p72-content.icloud.com,1,0,0.577,975
p72-content.icloud.com,1,0,0.023,976
 
File: AjoutDeFichiers/imgToDrive2.pcapng
 
p72-ckdatabase.icloud.com,1,0,8.809,17
p72-ckdatabase.icloud.com,1,0,0.024,18
edge.icloud-content.com,1,0,0.398,41
edge.icloud-content.com,1,0,0.023,44
p72-content.icloud.com,1,0,0.789,1408
p72-content.icloud.com,1,0,0.026,1409
 
File: AjoutDeFichiers/imgToDrive3.pcapng
 
settings-win.data.microsoft.com,1,0,2.248,8
settings-win.data.microsoft.com,1,0,0.022,9
settings-win.data.microsoft.com,1,0,0.002,10
settings-win.data.microsoft.com,1,0,0.005,11
p72-ckdatabase.icloud.com,1,0,13.221,69
p72-ckdatabase.icloud.com,1,0,0.026,70
edge.icloud-content.com,1,0,0.776,103
edge.icloud-content.com,1,0,0.024,104
p72-content.icloud.com,1,0,0.201,158
p72-content.icloud.com,1,0,0.024,159
 
File: AjoutDeFichiers/imgToDrive4.pcapng
 
p72-ckdatabase.icloud.com,1,0,23.3,128
p72-ckdatabase.icloud.com,1,0,0.025,129
edge.icloud-content.com,1,0,0.359,153
edge.icloud-content.com,1,0,0.027,154
p72-content.icloud.com,1,0,0.462,536
p72-content.icloud.com,1,0,0.02,537
p72-content.icloud.com,1,0,0.004,538
p72-content.icloud.com,1,0,0.005,540
 
File: AjoutDeFichiers/imgToDrive5.pcapng
 
edge.icloud-content.com,1,0,25.528,93
edge.icloud-content.com,1,0,0.033,95
p72-content.icloud.com,1,0,1.072,2020
p72-content.icloud.com,1,0,0.023,2021
 
File: AjoutDeFichiers/Linux_WifiUCL_pdfToDrive.pcapng
 
p29-setup.icloud.com,1,1,10.496,420
p29-setup.icloud.com,28,1,0.0,421
p29-setup.icloud.com,1,1,0.0,422
setup.fe2.apple-dns.net,28,1,0.0,423
setup.fe2.apple-dns.net,28,1,0.002,424
p29-setup.icloud.com,28,6,0.0,425
 
File: AjoutDeFichiers/Linux_WifiUCL_pdfToDrive2.pcapng
 
p29-docws.icloud.com,1,1,7.004,39
p29-docws.icloud.com,28,1,0.0,40
p29-docws.icloud.com,1,1,0.0,41
p29-docws.icloud.com,28,1,0.0,42
p29-docws.icloud.com,28,1,0.017,43
p29-docws.icloud.com,1,1,-0.0,44
p29-docws.icloud.com,1,1,0.0,45
p29-docws.icloud.com,28,1,0.0,46
cws.icloud-content.com,1,1,0.29,84
cws.icloud-content.com,28,1,0.0,85
cws.icloud-content.com,1,1,0.0,86
cws.icloud-content.com,28,1,0.0,87
cws.icloud-content.com,28,1,0.047,88
cws.icloud-content.com,1,1,0.0,89
3dbe324d-bd6a-4005-a3fd-a87445cbdaba.apple.com.v.aaplimg.com,28,1,0.0,90
cws.icloud-content.com,1,1,0.0,91
3dbe324d-bd6a-4005-a3fd-a87445cbdaba.apple.com.v.aaplimg.com,28,1,0.003,92
cws.icloud-content.com,28,1,0.0,93
p29-setup.icloud.com,1,1,0.97,181
p29-setup.icloud.com,28,1,0.0,182
p29-setup.icloud.com,1,1,0.0,183
p29-setup.icloud.com,28,1,0.0,184
p29-setup.icloud.com,1,1,0.002,185
p29-setup.icloud.com,28,1,0.0,186
p29-setup.icloud.com,1,1,0.0,187
p29-setup.icloud.com,28,1,0.0,188
cvws.icloud-content.com,1,1,0.36,218
cvws.icloud-content.com,28,1,0.0,219
cvws.icloud-content.com,1,1,0.0,220
cvws.icloud-content.com,28,1,0.0,221
cvws.icloud-content.com,1,1,0.009,222
cvws.icloud-content.com,1,1,0.001,223
cvws.icloud-content.com,28,1,0.006,224
cvws.icloud-content.com,28,1,0.0,225
 
File: AjoutDeFichiers/Linux_Wifi_pdfToDrive3.pcapng
 
cws.icloud-content.com,1,1,3.297,32
cws.icloud-content.com,1,0,0.0,33
cws.icloud-content.com,1,0,0.046,34
cws.icloud-content.com,1,1,0.001,35
p29-docws.icloud.com,1,1,2.615,770
p29-docws.icloud.com,1,0,0.0,771
p29-setup.icloud.com,1,1,0.018,772
p29-setup.icloud.com,1,0,0.0,773
p29-docws.icloud.com,1,0,0.021,778
p29-docws.icloud.com,1,1,0.0,779
p29-setup.icloud.com,1,0,0.034,784
p29-setup.icloud.com,1,1,0.0,785
 
File: AjoutDeFichiers/multipleFilesToDrive.pcapng
 
settings-win.data.microsoft.com,1,0,0.951,2
settings-win.data.microsoft.com,1,0,0.024,3
p72-ckdatabase.icloud.com,1,0,15.275,142
p72-ckdatabase.icloud.com,1,0,0.025,143
edge.icloud-content.com,1,0,1.22,252
edge.icloud-content.com,1,0,0.025,253
p72-content.icloud.com,1,0,0.312,291
p72-content.icloud.com,1,0,0.025,297
 
File: AjoutDeFichiers/multipleFilesToDrive2.pcapng
 
p72-ckdatabase.icloud.com,1,0,21.781,75
p72-ckdatabase.icloud.com,1,0,0.027,76
edge.icloud-content.com,1,0,0.427,108
edge.icloud-content.com,1,0,0.026,109
p72-content.icloud.com,1,0,0.49,866
p72-content.icloud.com,1,0,0.028,867
login.live.com,1,0,17.53,3937
login.live.com,1,0,0.029,3938
 
File: AjoutDeFichiers/multipleFilesToDrive3.pcapng
 
edge.icloud-content.com,1,0,15.697,82
edge.icloud-content.com,1,0,0.025,84
p72-ckdatabase.icloud.com,1,0,3.108,2130
p72-ckdatabase.icloud.com,1,0,0.025,2132
 
File: AjoutDeFichiers/Linux_4G_ImageToDrive.pcapng
 
4.0.0.0.2.0.0.0.0.0.0.0.0.0.0.0.0.8.e.0.1.4.a.0.0.4.7.b.1.0.a.2.ip6.arpa,12,0,1.412,4
c.a.a.1.0.4.6.a.7.1.2.b.3.2.6.d.9.d.4.5.0.8.0.0.0.2.0.a.2.0.a.2.ip6.arpa,12,0,0.0,5
4.0.0.0.2.0.0.0.0.0.0.0.0.0.0.0.0.8.e.0.1.4.a.0.0.4.7.b.1.0.a.2.ip6.arpa,12,1,0.001,6
c.a.a.1.0.4.6.a.7.1.2.b.3.2.6.d.9.d.4.5.0.8.0.0.0.2.0.a.2.0.a.2.ip6.arpa,12,1,0.0,7
4.0.0.0.2.0.0.0.0.0.0.0.0.0.0.0.0.8.e.0.1.4.a.0.0.4.7.b.1.0.a.2.ip6.arpa,12,1,0.009,8
c.a.a.1.0.4.6.a.7.1.2.b.3.2.6.d.9.d.4.5.0.8.0.0.0.2.0.a.2.0.a.2.ip6.arpa,12,1,0.0,9
4.0.0.0.2.0.0.0.0.0.0.0.0.0.0.0.0.8.e.0.1.4.a.0.0.4.7.b.1.0.a.2.ip6.arpa,12,0,0.0,10
c.a.a.1.0.4.6.a.7.1.2.b.3.2.6.d.9.d.4.5.0.8.0.0.0.2.0.a.2.0.a.2.ip6.arpa,12,0,0.0,11
4.0.0.0.2.0.0.0.0.0.0.0.0.0.0.0.0.8.e.0.1.4.a.0.0.4.7.b.1.0.a.2.ip6.arpa,12,0,0.006,12
c.a.a.1.0.4.6.a.7.1.2.b.3.2.6.d.9.d.4.5.0.8.0.0.0.2.0.a.2.0.a.2.ip6.arpa,12,0,0.0,13
4.0.0.0.2.0.0.0.0.0.0.0.0.0.0.0.0.8.e.0.1.4.a.0.0.4.7.b.1.0.a.2.ip6.arpa,12,0,0.001,14
c.a.a.1.0.4.6.a.7.1.2.b.3.2.6.d.9.d.4.5.0.8.0.0.0.2.0.a.2.0.a.2.ip6.arpa,12,0,0.0,15
7.7.3.f.5.f.5.9.2.b.e.6.3.c.9.6.0.0.0.0.0.0.0.0.0.0.0.0.0.8.e.f.ip6.arpa,12,0,0.984,18
4.6.a.c.7.7.e.f.f.f.7.b.9.a.8.8.0.0.0.0.0.0.0.0.0.0.0.0.0.8.e.f.ip6.arpa,12,0,0.0,19
53.0.0.127.in-addr.arpa,12,0,0.0,20
7.7.3.f.5.f.5.9.2.b.e.6.3.c.9.6.0.0.0.0.0.0.0.0.0.0.0.0.0.8.e.f.ip6.arpa,12,0,0.001,21
4.6.a.c.7.7.e.f.f.f.7.b.9.a.8.8.0.0.0.0.0.0.0.0.0.0.0.0.0.8.e.f.ip6.arpa,12,0,0.0,22
53.0.0.127.in-addr.arpa,12,0,0.0,23
7.a.6.4.c.2.1.2.c.c.6.8.9.0.4.0.9.d.4.5.0.8.0.0.0.2.0.a.2.0.a.2.ip6.arpa,12,0,0.999,24
7.a.6.4.c.2.1.2.c.c.6.8.9.0.4.0.9.d.4.5.0.8.0.0.0.2.0.a.2.0.a.2.ip6.arpa,12,1,0.001,25
7.a.6.4.c.2.1.2.c.c.6.8.9.0.4.0.9.d.4.5.0.8.0.0.0.2.0.a.2.0.a.2.ip6.arpa,12,1,0.007,26
7.a.6.4.c.2.1.2.c.c.6.8.9.0.4.0.9.d.4.5.0.8.0.0.0.2.0.a.2.0.a.2.ip6.arpa,12,0,0.0,27
7.a.6.4.c.2.1.2.c.c.6.8.9.0.4.0.9.d.4.5.0.8.0.0.0.2.0.a.2.0.a.2.ip6.arpa,12,0,0.005,28
7.a.6.4.c.2.1.2.c.c.6.8.9.0.4.0.9.d.4.5.0.8.0.0.0.2.0.a.2.0.a.2.ip6.arpa,12,0,0.001,29
2.10.20.172.in-addr.arpa,12,0,1.986,32
1.10.20.172.in-addr.arpa,12,0,0.0,33
2.10.20.172.in-addr.arpa,12,1,0.0,34
1.10.20.172.in-addr.arpa,12,1,0.0,35
1.10.20.172.in-addr.arpa,12,1,0.009,36
2.10.20.172.in-addr.arpa,12,1,0.0,37
1.10.20.172.in-addr.arpa,12,0,0.0,38
2.10.20.172.in-addr.arpa,12,0,0.0,39
1.10.20.172.in-addr.arpa,12,0,0.006,40
2.10.20.172.in-addr.arpa,12,0,0.0,41
1.10.20.172.in-addr.arpa,12,0,0.0,42
2.10.20.172.in-addr.arpa,12,0,0.0,43
1.0.0.0.2.0.0.0.0.0.0.0.0.0.0.0.0.8.e.0.1.4.a.0.0.4.7.b.1.0.a.2.ip6.arpa,12,0,1.985,60
1.0.0.0.2.0.0.0.0.0.0.0.0.0.0.0.0.8.e.0.1.4.a.0.0.4.7.b.1.0.a.2.ip6.arpa,12,1,0.001,61
1.0.0.0.2.0.0.0.0.0.0.0.0.0.0.0.0.8.e.0.1.4.a.0.0.4.7.b.1.0.a.2.ip6.arpa,12,1,0.006,62
1.0.0.0.2.0.0.0.0.0.0.0.0.0.0.0.0.8.e.0.1.4.a.0.0.4.7.b.1.0.a.2.ip6.arpa,12,0,0.0,63
1.0.0.0.2.0.0.0.0.0.0.0.0.0.0.0.0.8.e.0.1.4.a.0.0.4.7.b.1.0.a.2.ip6.arpa,12,0,0.005,64
1.0.0.0.2.0.0.0.0.0.0.0.0.0.0.0.0.8.e.0.1.4.a.0.0.4.7.b.1.0.a.2.ip6.arpa,12,0,0.001,65
254.211.138.17.in-addr.arpa,12,0,0.996,101
254.211.138.17.in-addr.arpa,12,1,0.0,102
254.211.138.17.in-addr.arpa,12,1,0.013,103
254.211.138.17.in-addr.arpa,12,0,0.0,104
254.211.138.17.in-addr.arpa,12,0,0.004,105
254.211.138.17.in-addr.arpa,12,0,0.0,106
p29-docws.icloud.com,1,1,0.1,111
p29-docws.icloud.com,28,1,0.0,112
p29-docws.icloud.com,1,1,0.0,113
p29-docws.icloud.com,28,1,0.0,114
p29-setup.icloud.com,1,1,0.016,115
p29-setup.icloud.com,28,1,0.0,116
p29-setup.icloud.com,1,1,0.0,117
p29-setup.icloud.com,28,1,0.0,118
p29-docws.icloud.com,28,1,0.037,120
p29-docws.icloud.com,28,1,0.0,122
p29-docws.icloud.com,1,1,0.001,123
p29-docws.icloud.com,1,1,0.0,124
p29-setup.icloud.com,28,1,0.022,128
p29-setup.icloud.com,28,1,0.0,129
p29-setup.icloud.com,1,1,0.004,130
p29-setup.icloud.com,1,1,0.0,131
cvws.icloud-content.com,1,1,0.607,186
cvws.icloud-content.com,28,1,0.0,187
cvws.icloud-content.com,1,1,0.0,188
cvws.icloud-content.com,28,1,0.0,189
cvws.icloud-content.com,28,1,0.045,190
cvws.icloud-content.com,28,1,0.001,191
cvws.icloud-content.com,1,1,0.0,192
cvws.icloud-content.com,1,1,0.0,193
 
File: AjoutDeFichiers/Linux_4G_PdfToDrive.pcapng
 
4.6.a.c.7.7.e.f.f.f.7.b.9.a.8.8.0.0.0.0.0.0.0.0.0.0.0.0.0.8.e.f.ip6.arpa,12,0,1.231,4
7.7.3.f.5.f.5.9.2.b.e.6.3.c.9.6.0.0.0.0.0.0.0.0.0.0.0.0.0.8.e.f.ip6.arpa,12,0,0.0,5
6.1.0.0.0.0.0.0.0.0.0.0.0.0.0.0.0.0.0.0.0.0.0.0.0.0.0.0.2.0.f.f.ip6.arpa,12,0,0.0,6
4.6.a.c.7.7.e.f.f.f.7.b.9.a.8.8.0.0.0.0.0.0.0.0.0.0.0.0.0.8.e.f.ip6.arpa,12,0,0.001,7
7.7.3.f.5.f.5.9.2.b.e.6.3.c.9.6.0.0.0.0.0.0.0.0.0.0.0.0.0.8.e.f.ip6.arpa,12,0,0.0,8
6.1.0.0.0.0.0.0.0.0.0.0.0.0.0.0.0.0.0.0.0.0.0.0.0.0.0.0.2.0.f.f.ip6.arpa,12,1,0.0,9
6.1.0.0.0.0.0.0.0.0.0.0.0.0.0.0.0.0.0.0.0.0.0.0.0.0.0.0.2.0.f.f.ip6.arpa,12,1,0.075,10
6.1.0.0.0.0.0.0.0.0.0.0.0.0.0.0.0.0.0.0.0.0.0.0.0.0.0.0.2.0.f.f.ip6.arpa,12,0,0.0,11
6.1.0.0.0.0.0.0.0.0.0.0.0.0.0.0.0.0.0.0.0.0.0.0.0.0.0.0.2.0.f.f.ip6.arpa,12,0,0.028,12
6.1.0.0.0.0.0.0.0.0.0.0.0.0.0.0.0.0.0.0.0.0.0.0.0.0.0.0.2.0.f.f.ip6.arpa,12,0,0.001,13
53.0.0.127.in-addr.arpa,12,0,0.893,14
2.10.20.172.in-addr.arpa,12,0,0.0,15
1.10.20.172.in-addr.arpa,12,0,0.0,16
53.0.0.127.in-addr.arpa,12,0,0.0,17
2.10.20.172.in-addr.arpa,12,1,0.0,18
1.10.20.172.in-addr.arpa,12,1,0.0,19
2.10.20.172.in-addr.arpa,12,1,0.008,20
2.10.20.172.in-addr.arpa,12,0,0.0,21
2.10.20.172.in-addr.arpa,12,0,0.005,22
2.10.20.172.in-addr.arpa,12,0,0.0,23
1.10.20.172.in-addr.arpa,12,1,0.038,24
1.10.20.172.in-addr.arpa,12,0,0.0,25
1.10.20.172.in-addr.arpa,12,0,0.005,26
1.10.20.172.in-addr.arpa,12,0,0.0,27
p29-docws.icloud.com,1,1,2.668,28
p29-docws.icloud.com,28,1,0.0,29
p29-docws.icloud.com,1,1,0.0,30
p29-docws.icloud.com,28,1,0.0,31
p29-docws.icloud.com,28,1,0.079,32
p29-docws.icloud.com,28,1,0.0,33
p29-docws.icloud.com,1,1,0.018,34
p29-docws.icloud.com,1,1,0.0,35
cws.icloud-content.com,1,1,0.594,61
cws.icloud-content.com,28,1,0.0,62
cws.icloud-content.com,1,1,0.0,63
cws.icloud-content.com,28,1,0.0,64
cws.icloud-content.com,28,1,0.292,65
cws.icloud-content.com,1,1,0.0,66
c33f3251-cba4-4c18-bf7d-1acf250a6c65.apple.com.v.aaplimg.com,28,1,0.001,67
cws.icloud-content.com,1,1,0.0,68
c33f3251-cba4-4c18-bf7d-1acf250a6c65.apple.com.v.aaplimg.com,28,1,0.005,69
cws.icloud-content.com,28,1,0.0,70
c.a.a.1.0.4.6.a.7.1.2.b.3.2.6.d.9.d.4.5.0.8.0.0.0.2.0.a.2.0.a.2.ip6.arpa,12,0,0.285,76
c.a.a.1.0.4.6.a.7.1.2.b.3.2.6.d.9.d.4.5.0.8.0.0.0.2.0.a.2.0.a.2.ip6.arpa,12,1,0.001,77
c.a.a.1.0.4.6.a.7.1.2.b.3.2.6.d.9.d.4.5.0.8.0.0.0.2.0.a.2.0.a.2.ip6.arpa,12,1,0.006,80
c.a.a.1.0.4.6.a.7.1.2.b.3.2.6.d.9.d.4.5.0.8.0.0.0.2.0.a.2.0.a.2.ip6.arpa,12,0,0.0,81
c.a.a.1.0.4.6.a.7.1.2.b.3.2.6.d.9.d.4.5.0.8.0.0.0.2.0.a.2.0.a.2.ip6.arpa,12,0,0.005,88
c.a.a.1.0.4.6.a.7.1.2.b.3.2.6.d.9.d.4.5.0.8.0.0.0.2.0.a.2.0.a.2.ip6.arpa,12,0,0.001,91
p29-setup.icloud.com,1,1,3.944,780
p29-setup.icloud.com,28,1,0.0,781
p29-setup.icloud.com,1,1,0.0,782
p29-setup.icloud.com,28,1,0.0,783
p29-setup.icloud.com,28,1,0.059,791
p29-setup.icloud.com,28,1,0.0,792
p29-setup.icloud.com,1,1,0.001,794
p29-setup.icloud.com,1,1,0.0,795
b.f.0.0.0.0.0.0.0.0.0.0.0.0.0.0.0.0.0.0.0.0.0.0.0.0.0.0.2.0.f.f.ip6.arpa,12,0,0.983,854
7.a.6.4.c.2.1.2.c.c.6.8.9.0.4.0.9.d.4.5.0.8.0.0.0.2.0.a.2.0.a.2.ip6.arpa,12,0,0.0,855
251.0.0.224.in-addr.arpa,12,0,0.0,856
b.f.0.0.0.0.0.0.0.0.0.0.0.0.0.0.0.0.0.0.0.0.0.0.0.0.0.0.2.0.f.f.ip6.arpa,12,1,0.001,857
7.a.6.4.c.2.1.2.c.c.6.8.9.0.4.0.9.d.4.5.0.8.0.0.0.2.0.a.2.0.a.2.ip6.arpa,12,1,0.0,858
251.0.0.224.in-addr.arpa,12,1,0.0,859
251.0.0.224.in-addr.arpa,12,1,0.06,860
251.0.0.224.in-addr.arpa,12,0,0.0,861
7.a.6.4.c.2.1.2.c.c.6.8.9.0.4.0.9.d.4.5.0.8.0.0.0.2.0.a.2.0.a.2.ip6.arpa,12,1,0.004,862
7.a.6.4.c.2.1.2.c.c.6.8.9.0.4.0.9.d.4.5.0.8.0.0.0.2.0.a.2.0.a.2.ip6.arpa,12,0,0.0,863
b.f.0.0.0.0.0.0.0.0.0.0.0.0.0.0.0.0.0.0.0.0.0.0.0.0.0.0.2.0.f.f.ip6.arpa,12,1,0.003,864
b.f.0.0.0.0.0.0.0.0.0.0.0.0.0.0.0.0.0.0.0.0.0.0.0.0.0.0.2.0.f.f.ip6.arpa,12,0,0.0,865
7.a.6.4.c.2.1.2.c.c.6.8.9.0.4.0.9.d.4.5.0.8.0.0.0.2.0.a.2.0.a.2.ip6.arpa,12,0,0.001,866
7.a.6.4.c.2.1.2.c.c.6.8.9.0.4.0.9.d.4.5.0.8.0.0.0.2.0.a.2.0.a.2.ip6.arpa,12,0,0.001,867
b.f.0.0.0.0.0.0.0.0.0.0.0.0.0.0.0.0.0.0.0.0.0.0.0.0.0.0.2.0.f.f.ip6.arpa,12,0,0.002,868
b.f.0.0.0.0.0.0.0.0.0.0.0.0.0.0.0.0.0.0.0.0.0.0.0.0.0.0.2.0.f.f.ip6.arpa,12,0,0.001,869
 
File: CasParticuliers/deleteFromPhone.pcapng
 
 
File: CasParticuliers/Linux_Wifi_pdfTo&OffDrive.pcapng
 
cws.icloud-content.com,1,1,20.146,222
cws.icloud-content.com,1,0,0.0,223
cws.icloud-content.com,1,0,0.036,224
cws.icloud-content.com,1,1,0.0,225
p29-docws.icloud.com,1,1,2.408,290
p29-docws.icloud.com,1,0,0.0,291
p29-setup.icloud.com,1,1,0.019,295
p29-setup.icloud.com,1,1,0.0,296
p29-docws.icloud.com,1,0,0.012,306
p29-docws.icloud.com,1,1,0.0,307
cvws.icloud-content.com,1,1,0.354,359
cvws.icloud-content.com,1,0,0.0,360
cvws.icloud-content.com,1,0,0.025,361
cvws.icloud-content.com,1,1,0.0,362
 
File: CasParticuliers/modifyFromPhone.pcapng
 
p72-ckdatabase.icloud.com,1,0,12.806,24
p72-ckdatabase.icloud.com,1,0,0.025,25
 
File: CasParticuliers/Linux_4G_PdfTo&OffDrive.pcapng
 
cws.icloud-content.com,1,1,5.133,17
cws.icloud-content.com,28,1,0.0,18
cws.icloud-content.com,1,1,0.0,19
cws.icloud-content.com,28,1,0.0,20
cws.icloud-content.com,1,1,0.294,21
cws.icloud-content.com,28,1,0.0,22
cws.icloud-content.com,1,1,0.0,23
3dbe324d-bd6a-4005-a3fd-a87445cbdaba.apple.com.v.aaplimg.com,28,1,0.0,24
3dbe324d-bd6a-4005-a3fd-a87445cbdaba.apple.com.v.aaplimg.com,28,1,0.005,25
cws.icloud-content.com,28,1,0.0,26
p29-setup.icloud.com,1,1,1.228,91
p29-setup.icloud.com,28,1,0.0,92
p29-setup.icloud.com,1,1,0.0,93
p29-setup.icloud.com,28,1,0.0,94
p29-setup.icloud.com,1,1,0.049,95
p29-setup.icloud.com,28,1,0.0,102
p29-setup.icloud.com,1,1,0.0,103
p29-setup.icloud.com,28,1,0.0,105
cvws.icloud-content.com,1,1,0.451,153
cvws.icloud-content.com,28,1,0.0,154
cvws.icloud-content.com,1,1,0.0,155
cvws.icloud-content.com,28,1,0.0,156
cvws.icloud-content.com,28,1,0.048,157
cvws.icloud-content.com,1,1,0.0,158
cvws.icloud-content.com,28,1,0.0,159
cvws.icloud-content.com,1,1,0.0,160
 
File: DeleteDeFichiers/deleteMultipleFiles.pcapng
 
 
File: DeleteDeFichiers/deleteMultipleFiles2.pcapng
 
p72-ckdatabase.icloud.com,1,0,17.204,28
p72-ckdatabase.icloud.com,1,0,0.025,29
 
File: DeleteDeFichiers/Phone_4G_ImageOffDrive.pcapng
 
4.6.a.c.7.7.e.f.f.f.7.b.9.a.8.8.0.0.0.0.0.0.0.0.0.0.0.0.0.8.e.f.ip6.arpa,12,0,0.995,3
7.7.3.f.5.f.5.9.2.b.e.6.3.c.9.6.0.0.0.0.0.0.0.0.0.0.0.0.0.8.e.f.ip6.arpa,12,0,0.0,4
4.6.a.c.7.7.e.f.f.f.7.b.9.a.8.8.0.0.0.0.0.0.0.0.0.0.0.0.0.8.e.f.ip6.arpa,12,0,0.001,5
7.7.3.f.5.f.5.9.2.b.e.6.3.c.9.6.0.0.0.0.0.0.0.0.0.0.0.0.0.8.e.f.ip6.arpa,12,0,0.0,6
53.0.0.127.in-addr.arpa,12,0,0.999,7
53.0.0.127.in-addr.arpa,12,0,0.0,8
c.a.a.1.0.4.6.a.7.1.2.b.3.2.6.d.9.d.4.5.0.8.0.0.0.2.0.a.2.0.a.2.ip6.arpa,12,0,0.999,24
1.0.0.0.2.0.0.0.0.0.0.0.0.0.0.0.0.8.e.0.1.4.a.0.0.4.7.b.1.0.a.2.ip6.arpa,12,0,0.0,25
c.a.a.1.0.4.6.a.7.1.2.b.3.2.6.d.9.d.4.5.0.8.0.0.0.2.0.a.2.0.a.2.ip6.arpa,12,1,0.001,26
1.0.0.0.2.0.0.0.0.0.0.0.0.0.0.0.0.8.e.0.1.4.a.0.0.4.7.b.1.0.a.2.ip6.arpa,12,1,0.0,27
1.0.0.0.2.0.0.0.0.0.0.0.0.0.0.0.0.8.e.0.1.4.a.0.0.4.7.b.1.0.a.2.ip6.arpa,12,1,0.022,28
c.a.a.1.0.4.6.a.7.1.2.b.3.2.6.d.9.d.4.5.0.8.0.0.0.2.0.a.2.0.a.2.ip6.arpa,12,1,0.0,29
c.a.a.1.0.4.6.a.7.1.2.b.3.2.6.d.9.d.4.5.0.8.0.0.0.2.0.a.2.0.a.2.ip6.arpa,12,0,0.0,30
1.0.0.0.2.0.0.0.0.0.0.0.0.0.0.0.0.8.e.0.1.4.a.0.0.4.7.b.1.0.a.2.ip6.arpa,12,0,0.0,31
1.0.0.0.2.0.0.0.0.0.0.0.0.0.0.0.0.8.e.0.1.4.a.0.0.4.7.b.1.0.a.2.ip6.arpa,12,0,0.005,32
c.a.a.1.0.4.6.a.7.1.2.b.3.2.6.d.9.d.4.5.0.8.0.0.0.2.0.a.2.0.a.2.ip6.arpa,12,0,0.0,33
1.0.0.0.2.0.0.0.0.0.0.0.0.0.0.0.0.8.e.0.1.4.a.0.0.4.7.b.1.0.a.2.ip6.arpa,12,0,0.001,34
c.a.a.1.0.4.6.a.7.1.2.b.3.2.6.d.9.d.4.5.0.8.0.0.0.2.0.a.2.0.a.2.ip6.arpa,12,0,0.001,35
4.0.0.0.2.0.0.0.0.0.0.0.0.0.0.0.0.8.e.0.1.4.a.0.0.4.7.b.1.0.a.2.ip6.arpa,12,0,1.971,90
3.0.0.0.1.0.0.0.0.0.0.0.0.0.0.0.0.8.e.0.1.4.a.0.0.4.7.b.1.0.a.2.ip6.arpa,12,0,0.0,91
4.0.0.0.2.0.0.0.0.0.0.0.0.0.0.0.0.8.e.0.1.4.a.0.0.4.7.b.1.0.a.2.ip6.arpa,12,1,0.001,92
3.0.0.0.1.0.0.0.0.0.0.0.0.0.0.0.0.8.e.0.1.4.a.0.0.4.7.b.1.0.a.2.ip6.arpa,12,1,0.0,93
4.0.0.0.2.0.0.0.0.0.0.0.0.0.0.0.0.8.e.0.1.4.a.0.0.4.7.b.1.0.a.2.ip6.arpa,12,1,0.005,94
4.0.0.0.2.0.0.0.0.0.0.0.0.0.0.0.0.8.e.0.1.4.a.0.0.4.7.b.1.0.a.2.ip6.arpa,12,0,0.0,95
4.0.0.0.2.0.0.0.0.0.0.0.0.0.0.0.0.8.e.0.1.4.a.0.0.4.7.b.1.0.a.2.ip6.arpa,12,0,0.004,96
4.0.0.0.2.0.0.0.0.0.0.0.0.0.0.0.0.8.e.0.1.4.a.0.0.4.7.b.1.0.a.2.ip6.arpa,12,0,0.001,97
3.0.0.0.1.0.0.0.0.0.0.0.0.0.0.0.0.8.e.0.1.4.a.0.0.4.7.b.1.0.a.2.ip6.arpa,12,1,0.172,101
3.0.0.0.1.0.0.0.0.0.0.0.0.0.0.0.0.8.e.0.1.4.a.0.0.4.7.b.1.0.a.2.ip6.arpa,12,0,0.0,102
3.0.0.0.1.0.0.0.0.0.0.0.0.0.0.0.0.8.e.0.1.4.a.0.0.4.7.b.1.0.a.2.ip6.arpa,12,0,0.005,103
3.0.0.0.1.0.0.0.0.0.0.0.0.0.0.0.0.8.e.0.1.4.a.0.0.4.7.b.1.0.a.2.ip6.arpa,12,0,0.001,104
7.a.6.4.c.2.1.2.c.c.6.8.9.0.4.0.9.d.4.5.0.8.0.0.0.2.0.a.2.0.a.2.ip6.arpa,12,0,2.812,125
7.a.6.4.c.2.1.2.c.c.6.8.9.0.4.0.9.d.4.5.0.8.0.0.0.2.0.a.2.0.a.2.ip6.arpa,12,1,0.001,126
7.a.6.4.c.2.1.2.c.c.6.8.9.0.4.0.9.d.4.5.0.8.0.0.0.2.0.a.2.0.a.2.ip6.arpa,12,1,0.007,127
7.a.6.4.c.2.1.2.c.c.6.8.9.0.4.0.9.d.4.5.0.8.0.0.0.2.0.a.2.0.a.2.ip6.arpa,12,0,0.0,128
7.a.6.4.c.2.1.2.c.c.6.8.9.0.4.0.9.d.4.5.0.8.0.0.0.2.0.a.2.0.a.2.ip6.arpa,12,0,0.005,129
7.a.6.4.c.2.1.2.c.c.6.8.9.0.4.0.9.d.4.5.0.8.0.0.0.2.0.a.2.0.a.2.ip6.arpa,12,0,0.001,130
2.10.20.172.in-addr.arpa,12,0,2.987,162
254.211.138.17.in-addr.arpa,12,0,0.0,163
2.10.20.172.in-addr.arpa,12,1,0.0,164
254.211.138.17.in-addr.arpa,12,1,0.0,165
254.211.138.17.in-addr.arpa,12,1,0.007,166
2.10.20.172.in-addr.arpa,12,1,0.0,167
2.10.20.172.in-addr.arpa,12,0,0.0,168
254.211.138.17.in-addr.arpa,12,0,0.0,169
2.10.20.172.in-addr.arpa,12,0,0.006,170
254.211.138.17.in-addr.arpa,12,0,0.0,171
2.10.20.172.in-addr.arpa,12,0,0.0,172
254.211.138.17.in-addr.arpa,12,0,0.0,173
5.0.0.0.2.0.0.0.0.0.0.0.0.0.0.0.0.8.e.0.1.4.a.0.0.4.7.b.1.0.a.2.ip6.arpa,12,0,0.986,178
6.0.0.0.2.0.0.0.0.0.0.0.0.0.0.0.0.8.e.0.1.4.a.0.0.4.7.b.1.0.a.2.ip6.arpa,12,0,0.0,179
5.0.0.0.2.0.0.0.0.0.0.0.0.0.0.0.0.8.e.0.1.4.a.0.0.4.7.b.1.0.a.2.ip6.arpa,12,1,0.001,180
6.0.0.0.2.0.0.0.0.0.0.0.0.0.0.0.0.8.e.0.1.4.a.0.0.4.7.b.1.0.a.2.ip6.arpa,12,1,0.001,181
6.0.0.0.2.0.0.0.0.0.0.0.0.0.0.0.0.8.e.0.1.4.a.0.0.4.7.b.1.0.a.2.ip6.arpa,12,1,0.048,182
6.0.0.0.2.0.0.0.0.0.0.0.0.0.0.0.0.8.e.0.1.4.a.0.0.4.7.b.1.0.a.2.ip6.arpa,12,0,0.0,183
6.0.0.0.2.0.0.0.0.0.0.0.0.0.0.0.0.8.e.0.1.4.a.0.0.4.7.b.1.0.a.2.ip6.arpa,12,0,0.006,184
6.0.0.0.2.0.0.0.0.0.0.0.0.0.0.0.0.8.e.0.1.4.a.0.0.4.7.b.1.0.a.2.ip6.arpa,12,0,0.001,185
5.0.0.0.2.0.0.0.0.0.0.0.0.0.0.0.0.8.e.0.1.4.a.0.0.4.7.b.1.0.a.2.ip6.arpa,12,1,0.0,186
5.0.0.0.2.0.0.0.0.0.0.0.0.0.0.0.0.8.e.0.1.4.a.0.0.4.7.b.1.0.a.2.ip6.arpa,12,0,0.0,187
5.0.0.0.2.0.0.0.0.0.0.0.0.0.0.0.0.8.e.0.1.4.a.0.0.4.7.b.1.0.a.2.ip6.arpa,12,0,0.005,188
5.0.0.0.2.0.0.0.0.0.0.0.0.0.0.0.0.8.e.0.1.4.a.0.0.4.7.b.1.0.a.2.ip6.arpa,12,0,0.001,189
1.10.20.172.in-addr.arpa,12,0,3.938,211
1.10.20.172.in-addr.arpa,12,1,0.0,212
1.10.20.172.in-addr.arpa,12,1,0.025,213
1.10.20.172.in-addr.arpa,12,0,0.0,214
1.10.20.172.in-addr.arpa,12,0,0.005,215
1.10.20.172.in-addr.arpa,12,0,0.0,216
6.1.0.0.0.0.0.0.0.0.0.0.0.0.0.0.0.0.0.0.0.0.0.0.0.0.0.0.2.0.f.f.ip6.arpa,12,0,18.969,402
6.1.0.0.0.0.0.0.0.0.0.0.0.0.0.0.0.0.0.0.0.0.0.0.0.0.0.0.2.0.f.f.ip6.arpa,12,1,0.001,403
6.1.0.0.0.0.0.0.0.0.0.0.0.0.0.0.0.0.0.0.0.0.0.0.0.0.0.0.2.0.f.f.ip6.arpa,12,1,0.008,404
6.1.0.0.0.0.0.0.0.0.0.0.0.0.0.0.0.0.0.0.0.0.0.0.0.0.0.0.2.0.f.f.ip6.arpa,12,0,0.0,405
6.1.0.0.0.0.0.0.0.0.0.0.0.0.0.0.0.0.0.0.0.0.0.0.0.0.0.0.2.0.f.f.ip6.arpa,12,0,0.004,406
6.1.0.0.0.0.0.0.0.0.0.0.0.0.0.0.0.0.0.0.0.0.0.0.0.0.0.0.2.0.f.f.ip6.arpa,12,0,0.001,407
p29-docws.icloud.com,1,1,4.433,463
p29-docws.icloud.com,28,1,0.0,464
p29-docws.icloud.com,1,1,0.0,465
p29-docws.icloud.com,28,1,0.0,466
p29-docws.icloud.com,28,1,0.063,468
p29-docws.icloud.com,28,1,0.0,469
p29-docws.icloud.com,1,1,0.001,470
p29-docws.icloud.com,1,1,0.0,471
cvws.icloud-content.com,1,1,0.639,633
cvws.icloud-content.com,28,1,0.0,634
cvws.icloud-content.com,1,1,0.0,635
cvws.icloud-content.com,28,1,0.0,636
cvws.icloud-content.com,28,1,0.072,643
cvws.icloud-content.com,1,1,0.0,644
cvws.icloud-content.com,28,1,0.0,647
cvws.icloud-content.com,1,1,0.0,648
2.d.f.b.7.5.6.5.b.8.a.3.a.a.1.7.9.d.4.5.0.8.0.0.0.2.0.a.2.0.a.2.ip6.arpa,12,0,8.777,1026
b.f.0.0.0.0.0.0.0.0.0.0.0.0.0.0.0.0.0.0.0.0.0.0.0.0.0.0.2.0.f.f.ip6.arpa,12,0,0.0,1027
251.0.0.224.in-addr.arpa,12,0,0.0,1028
2.d.f.b.7.5.6.5.b.8.a.3.a.a.1.7.9.d.4.5.0.8.0.0.0.2.0.a.2.0.a.2.ip6.arpa,12,1,0.001,1029
b.f.0.0.0.0.0.0.0.0.0.0.0.0.0.0.0.0.0.0.0.0.0.0.0.0.0.0.2.0.f.f.ip6.arpa,12,1,0.0,1030
251.0.0.224.in-addr.arpa,12,1,0.0,1031
2.d.f.b.7.5.6.5.b.8.a.3.a.a.1.7.9.d.4.5.0.8.0.0.0.2.0.a.2.0.a.2.ip6.arpa,12,1,0.035,1032
b.f.0.0.0.0.0.0.0.0.0.0.0.0.0.0.0.0.0.0.0.0.0.0.0.0.0.0.2.0.f.f.ip6.arpa,12,1,0.0,1033
2.d.f.b.7.5.6.5.b.8.a.3.a.a.1.7.9.d.4.5.0.8.0.0.0.2.0.a.2.0.a.2.ip6.arpa,12,0,0.0,1034
b.f.0.0.0.0.0.0.0.0.0.0.0.0.0.0.0.0.0.0.0.0.0.0.0.0.0.0.2.0.f.f.ip6.arpa,12,0,0.0,1035
251.0.0.224.in-addr.arpa,12,1,0.001,1036
251.0.0.224.in-addr.arpa,12,0,0.0,1037
2.d.f.b.7.5.6.5.b.8.a.3.a.a.1.7.9.d.4.5.0.8.0.0.0.2.0.a.2.0.a.2.ip6.arpa,12,0,0.004,1038
2.d.f.b.7.5.6.5.b.8.a.3.a.a.1.7.9.d.4.5.0.8.0.0.0.2.0.a.2.0.a.2.ip6.arpa,12,0,0.001,1039
b.f.0.0.0.0.0.0.0.0.0.0.0.0.0.0.0.0.0.0.0.0.0.0.0.0.0.0.2.0.f.f.ip6.arpa,12,0,0.0,1040
b.f.0.0.0.0.0.0.0.0.0.0.0.0.0.0.0.0.0.0.0.0.0.0.0.0.0.0.2.0.f.f.ip6.arpa,12,0,0.0,1041
 
File: DeleteDeFichiers/Linux_Wifi_pdfOffDrive1.pcapng
 
 
File: DeleteDeFichiers/Linux_4G_pdfOffDrive.pcapng
 
4.6.a.c.7.7.e.f.f.f.7.b.9.a.8.8.0.0.0.0.0.0.0.0.0.0.0.0.0.8.e.f.ip6.arpa,12,0,1.402,2
b.f.0.0.0.0.0.0.0.0.0.0.0.0.0.0.0.0.0.0.0.0.0.0.0.0.0.0.2.0.f.f.ip6.arpa,12,0,0.0,3
4.6.a.c.7.7.e.f.f.f.7.b.9.a.8.8.0.0.0.0.0.0.0.0.0.0.0.0.0.8.e.f.ip6.arpa,12,0,0.001,4
b.f.0.0.0.0.0.0.0.0.0.0.0.0.0.0.0.0.0.0.0.0.0.0.0.0.0.0.2.0.f.f.ip6.arpa,12,1,0.0,5
b.f.0.0.0.0.0.0.0.0.0.0.0.0.0.0.0.0.0.0.0.0.0.0.0.0.0.0.2.0.f.f.ip6.arpa,12,1,0.033,6
b.f.0.0.0.0.0.0.0.0.0.0.0.0.0.0.0.0.0.0.0.0.0.0.0.0.0.0.2.0.f.f.ip6.arpa,12,0,0.0,7
b.f.0.0.0.0.0.0.0.0.0.0.0.0.0.0.0.0.0.0.0.0.0.0.0.0.0.0.2.0.f.f.ip6.arpa,12,0,0.006,8
b.f.0.0.0.0.0.0.0.0.0.0.0.0.0.0.0.0.0.0.0.0.0.0.0.0.0.0.2.0.f.f.ip6.arpa,12,0,0.001,9
53.0.0.127.in-addr.arpa,12,0,0.959,12
2.10.20.172.in-addr.arpa,12,0,0.0,13
1.10.20.172.in-addr.arpa,12,0,0.0,14
53.0.0.127.in-addr.arpa,12,0,0.0,15
2.10.20.172.in-addr.arpa,12,1,0.0,16
1.10.20.172.in-addr.arpa,12,1,0.0,17
7.a.6.4.c.2.1.2.c.c.6.8.9.0.4.0.9.d.4.5.0.8.0.0.0.2.0.a.2.0.a.2.ip6.arpa,12,0,1.999,20
c.a.a.1.0.4.6.a.7.1.2.b.3.2.6.d.9.d.4.5.0.8.0.0.0.2.0.a.2.0.a.2.ip6.arpa,12,0,0.0,21
7.a.6.4.c.2.1.2.c.c.6.8.9.0.4.0.9.d.4.5.0.8.0.0.0.2.0.a.2.0.a.2.ip6.arpa,12,1,0.001,22
c.a.a.1.0.4.6.a.7.1.2.b.3.2.6.d.9.d.4.5.0.8.0.0.0.2.0.a.2.0.a.2.ip6.arpa,12,1,0.0,23
c.a.a.1.0.4.6.a.7.1.2.b.3.2.6.d.9.d.4.5.0.8.0.0.0.2.0.a.2.0.a.2.ip6.arpa,12,1,0.05,24
7.a.6.4.c.2.1.2.c.c.6.8.9.0.4.0.9.d.4.5.0.8.0.0.0.2.0.a.2.0.a.2.ip6.arpa,12,1,0.0,25
c.a.a.1.0.4.6.a.7.1.2.b.3.2.6.d.9.d.4.5.0.8.0.0.0.2.0.a.2.0.a.2.ip6.arpa,12,0,0.0,26
7.a.6.4.c.2.1.2.c.c.6.8.9.0.4.0.9.d.4.5.0.8.0.0.0.2.0.a.2.0.a.2.ip6.arpa,12,0,0.0,27
c.a.a.1.0.4.6.a.7.1.2.b.3.2.6.d.9.d.4.5.0.8.0.0.0.2.0.a.2.0.a.2.ip6.arpa,12,0,0.006,28
7.a.6.4.c.2.1.2.c.c.6.8.9.0.4.0.9.d.4.5.0.8.0.0.0.2.0.a.2.0.a.2.ip6.arpa,12,0,0.0,29
c.a.a.1.0.4.6.a.7.1.2.b.3.2.6.d.9.d.4.5.0.8.0.0.0.2.0.a.2.0.a.2.ip6.arpa,12,0,0.001,30
7.a.6.4.c.2.1.2.c.c.6.8.9.0.4.0.9.d.4.5.0.8.0.0.0.2.0.a.2.0.a.2.ip6.arpa,12,0,0.0,31
1.0.0.0.2.0.0.0.0.0.0.0.0.0.0.0.0.8.e.0.1.4.a.0.0.4.7.b.1.0.a.2.ip6.arpa,12,0,0.942,41
1.0.0.0.2.0.0.0.0.0.0.0.0.0.0.0.0.8.e.0.1.4.a.0.0.4.7.b.1.0.a.2.ip6.arpa,12,1,0.001,42
1.0.0.0.2.0.0.0.0.0.0.0.0.0.0.0.0.8.e.0.1.4.a.0.0.4.7.b.1.0.a.2.ip6.arpa,12,1,0.007,43
1.0.0.0.2.0.0.0.0.0.0.0.0.0.0.0.0.8.e.0.1.4.a.0.0.4.7.b.1.0.a.2.ip6.arpa,12,0,0.0,44
1.0.0.0.2.0.0.0.0.0.0.0.0.0.0.0.0.8.e.0.1.4.a.0.0.4.7.b.1.0.a.2.ip6.arpa,12,0,0.005,45
1.0.0.0.2.0.0.0.0.0.0.0.0.0.0.0.0.8.e.0.1.4.a.0.0.4.7.b.1.0.a.2.ip6.arpa,12,0,0.001,46
4.0.0.0.2.0.0.0.0.0.0.0.0.0.0.0.0.8.e.0.1.4.a.0.0.4.7.b.1.0.a.2.ip6.arpa,12,0,1.988,67
2.10.20.172.in-addr.arpa,12,0,0.0,68
1.10.20.172.in-addr.arpa,12,0,0.0,69
4.0.0.0.2.0.0.0.0.0.0.0.0.0.0.0.0.8.e.0.1.4.a.0.0.4.7.b.1.0.a.2.ip6.arpa,12,1,0.0,70
1.10.20.172.in-addr.arpa,12,1,0.0,71
2.10.20.172.in-addr.arpa,12,1,0.0,72
4.0.0.0.2.0.0.0.0.0.0.0.0.0.0.0.0.8.e.0.1.4.a.0.0.4.7.b.1.0.a.2.ip6.arpa,12,1,0.031,73
1.10.20.172.in-addr.arpa,12,1,0.0,74
4.0.0.0.2.0.0.0.0.0.0.0.0.0.0.0.0.8.e.0.1.4.a.0.0.4.7.b.1.0.a.2.ip6.arpa,12,1,0.0,75
1.10.20.172.in-addr.arpa,12,0,0.0,76
2.10.20.172.in-addr.arpa,12,1,0.001,77
2.10.20.172.in-addr.arpa,12,0,0.0,78
4.0.0.0.2.0.0.0.0.0.0.0.0.0.0.0.0.8.e.0.1.4.a.0.0.4.7.b.1.0.a.2.ip6.arpa,12,1,0.004,79
2.10.20.172.in-addr.arpa,12,0,0.0,80
1.10.20.172.in-addr.arpa,12,0,0.0,81
1.10.20.172.in-addr.arpa,12,0,0.0,82
4.0.0.0.2.0.0.0.0.0.0.0.0.0.0.0.0.8.e.0.1.4.a.0.0.4.7.b.1.0.a.2.ip6.arpa,12,0,0.0,83
2.10.20.172.in-addr.arpa,12,0,0.0,84
4.0.0.0.2.0.0.0.0.0.0.0.0.0.0.0.0.8.e.0.1.4.a.0.0.4.7.b.1.0.a.2.ip6.arpa,12,0,0.004,85
4.0.0.0.2.0.0.0.0.0.0.0.0.0.0.0.0.8.e.0.1.4.a.0.0.4.7.b.1.0.a.2.ip6.arpa,12,0,0.001,86
7.7.3.f.5.f.5.9.2.b.e.6.3.c.9.6.0.0.0.0.0.0.0.0.0.0.0.0.0.8.e.f.ip6.arpa,12,0,0.957,87
7.7.3.f.5.f.5.9.2.b.e.6.3.c.9.6.0.0.0.0.0.0.0.0.0.0.0.0.0.8.e.f.ip6.arpa,12,0,0.001,88
254.211.138.17.in-addr.arpa,12,0,2.0,93
254.211.138.17.in-addr.arpa,12,1,0.0,94
254.211.138.17.in-addr.arpa,12,1,0.083,95
254.211.138.17.in-addr.arpa,12,0,0.0,96
254.211.138.17.in-addr.arpa,12,0,0.005,97
254.211.138.17.in-addr.arpa,12,0,0.0,98
 
File: DeleteDeFichiers/Linux_4G_ImageOffDrive.pcapng
 
c.a.a.1.0.4.6.a.7.1.2.b.3.2.6.d.9.d.4.5.0.8.0.0.0.2.0.a.2.0.a.2.ip6.arpa,12,0,0.661,11
4.0.0.0.2.0.0.0.0.0.0.0.0.0.0.0.0.8.e.0.1.4.a.0.0.4.7.b.1.0.a.2.ip6.arpa,12,0,0.0,12
c.a.a.1.0.4.6.a.7.1.2.b.3.2.6.d.9.d.4.5.0.8.0.0.0.2.0.a.2.0.a.2.ip6.arpa,12,1,0.001,13
4.0.0.0.2.0.0.0.0.0.0.0.0.0.0.0.0.8.e.0.1.4.a.0.0.4.7.b.1.0.a.2.ip6.arpa,12,1,0.0,14
4.0.0.0.2.0.0.0.0.0.0.0.0.0.0.0.0.8.e.0.1.4.a.0.0.4.7.b.1.0.a.2.ip6.arpa,12,1,0.048,15
c.a.a.1.0.4.6.a.7.1.2.b.3.2.6.d.9.d.4.5.0.8.0.0.0.2.0.a.2.0.a.2.ip6.arpa,12,1,0.0,16
4.0.0.0.2.0.0.0.0.0.0.0.0.0.0.0.0.8.e.0.1.4.a.0.0.4.7.b.1.0.a.2.ip6.arpa,12,0,0.0,17
c.a.a.1.0.4.6.a.7.1.2.b.3.2.6.d.9.d.4.5.0.8.0.0.0.2.0.a.2.0.a.2.ip6.arpa,12,0,0.0,18
c.a.a.1.0.4.6.a.7.1.2.b.3.2.6.d.9.d.4.5.0.8.0.0.0.2.0.a.2.0.a.2.ip6.arpa,12,0,0.006,19
4.0.0.0.2.0.0.0.0.0.0.0.0.0.0.0.0.8.e.0.1.4.a.0.0.4.7.b.1.0.a.2.ip6.arpa,12,0,-0.0,20
c.a.a.1.0.4.6.a.7.1.2.b.3.2.6.d.9.d.4.5.0.8.0.0.0.2.0.a.2.0.a.2.ip6.arpa,12,0,0.001,21
4.0.0.0.2.0.0.0.0.0.0.0.0.0.0.0.0.8.e.0.1.4.a.0.0.4.7.b.1.0.a.2.ip6.arpa,12,0,0.0,22
7.7.3.f.5.f.5.9.2.b.e.6.3.c.9.6.0.0.0.0.0.0.0.0.0.0.0.0.0.8.e.f.ip6.arpa,12,0,0.945,23
4.6.a.c.7.7.e.f.f.f.7.b.9.a.8.8.0.0.0.0.0.0.0.0.0.0.0.0.0.8.e.f.ip6.arpa,12,0,0.0,24
53.0.0.127.in-addr.arpa,12,0,0.0,25
7.7.3.f.5.f.5.9.2.b.e.6.3.c.9.6.0.0.0.0.0.0.0.0.0.0.0.0.0.8.e.f.ip6.arpa,12,0,0.001,26
4.6.a.c.7.7.e.f.f.f.7.b.9.a.8.8.0.0.0.0.0.0.0.0.0.0.0.0.0.8.e.f.ip6.arpa,12,0,0.0,27
53.0.0.127.in-addr.arpa,12,0,0.0,28
1.0.0.0.2.0.0.0.0.0.0.0.0.0.0.0.0.8.e.0.1.4.a.0.0.4.7.b.1.0.a.2.ip6.arpa,12,0,3.999,40
1.0.0.0.2.0.0.0.0.0.0.0.0.0.0.0.0.8.e.0.1.4.a.0.0.4.7.b.1.0.a.2.ip6.arpa,12,1,0.001,41
1.0.0.0.2.0.0.0.0.0.0.0.0.0.0.0.0.8.e.0.1.4.a.0.0.4.7.b.1.0.a.2.ip6.arpa,12,1,0.008,42
1.0.0.0.2.0.0.0.0.0.0.0.0.0.0.0.0.8.e.0.1.4.a.0.0.4.7.b.1.0.a.2.ip6.arpa,12,0,0.0,43
1.0.0.0.2.0.0.0.0.0.0.0.0.0.0.0.0.8.e.0.1.4.a.0.0.4.7.b.1.0.a.2.ip6.arpa,12,0,0.004,44
1.0.0.0.2.0.0.0.0.0.0.0.0.0.0.0.0.8.e.0.1.4.a.0.0.4.7.b.1.0.a.2.ip6.arpa,12,0,0.001,45
7.a.6.4.c.2.1.2.c.c.6.8.9.0.4.0.9.d.4.5.0.8.0.0.0.2.0.a.2.0.a.2.ip6.arpa,12,0,0.986,55
7.a.6.4.c.2.1.2.c.c.6.8.9.0.4.0.9.d.4.5.0.8.0.0.0.2.0.a.2.0.a.2.ip6.arpa,12,1,0.001,56
7.a.6.4.c.2.1.2.c.c.6.8.9.0.4.0.9.d.4.5.0.8.0.0.0.2.0.a.2.0.a.2.ip6.arpa,12,1,0.054,57
7.a.6.4.c.2.1.2.c.c.6.8.9.0.4.0.9.d.4.5.0.8.0.0.0.2.0.a.2.0.a.2.ip6.arpa,12,0,0.0,58
7.a.6.4.c.2.1.2.c.c.6.8.9.0.4.0.9.d.4.5.0.8.0.0.0.2.0.a.2.0.a.2.ip6.arpa,12,0,0.005,59
7.a.6.4.c.2.1.2.c.c.6.8.9.0.4.0.9.d.4.5.0.8.0.0.0.2.0.a.2.0.a.2.ip6.arpa,12,0,0.001,60
 
File: ModifDeFichiers/modifyFileOnDrive.pcapng
 
default.exp-tas.com,1,0,10.125,67
default.exp-tas.com,1,0,0.023,68
p72-ckdatabase.icloud.com,1,0,14.934,128
p72-ckdatabase.icloud.com,1,0,0.027,129
edge.icloud-content.com,1,0,0.369,182
edge.icloud-content.com,1,0,0.028,184
p72-content.icloud.com,1,0,0.266,317
p72-content.icloud.com,1,0,0.023,318
 
File: ModifDeFichiers/modifyFileOnDrive2.pcapng
 
edge.icloud-content.com,1,0,22.805,131
edge.icloud-content.com,1,0,0.033,133
p72-content.icloud.com,1,0,0.292,412
p72-content.icloud.com,1,0,0.026,413
 
File: ModifDeFichiers/modifyFileOnDrive3.pcapng
 
ecs.office.com,1,0,3.219,10
ecs.office.com,1,0,0.027,11
outlook.office.com,1,0,0.467,75
outlook.office.com,1,0,0.031,76
login.microsoftonline.com,1,0,0.009,79
login.microsoftonline.com,1,0,0.015,86
support.content.office.net,1,0,1.597,270
support.content.office.net,1,0,0.023,272
outlook.office365.com,1,0,2.628,372
outlook.office365.com,1,0,0.02,373
outlook.office365.com,1,0,0.0,374
outlook.office365.com,1,0,0.029,379
eu-office.events.data.microsoft.com,1,0,4.563,516
eu-office.events.data.microsoft.com,1,0,0.031,517
eu-office.events.data.microsoft.com,1,0,0.008,518
eu-office.events.data.microsoft.com,1,0,0.005,520
uci.cdn.office.net,1,0,9.002,597
uci.cdn.office.net,1,0,0.025,598
edge.icloud-content.com,1,0,3.728,664
edge.icloud-content.com,1,0,0.025,666
